Province     , District         , Crop     , Area_Ha, Production_Mt, Yield_MtHa, Year_BS, Year_AD
KOSHI        , TAPLEJUNG        , Maize    , 11198.0, 38312.0      , 3.42      , 2078/79, 2021/22
KOSHI        , TAPLEJUNG        , Wheat    , 1537.0 , 2875.0       , 1.87      , 2078/79, 2021/22
KOSHI        , SANKHUWASABHA    , Maize    , 12458.0, 33146.0      , 2.66      , 2078/79, 2021/22
KOSHI        , SANKHUWASABHA    , Wheat    , 715.0  , 1650.0       , 2.31      , 2078/79, 2021/22
KOSHI        , SOLUKHUMBU       , Maize    , 13770.0, 39048.0      , 2.84      , 2078/79, 2021/22
KOSHI        , SOLUKHUMBU       , Wheat    , 2665.0 , 5306.0       , 1.99      , 2078/79, 2021/22
KOSHI        , PANCHTHAR        , Maize    , 18683.0, 42971.0      , 2.3       , 2078/79, 2021/22
KOSHI        , PANCHTHAR        , Wheat    , 3902.0 , 6476.0       , 1.66      , 2078/79, 2021/22
KOSHI        , ILLAM            , Maize    , 33915.0, 131700.0     , 3.88      , 2078/79, 2021/22
KOSHI        , ILLAM            , Wheat    , 4580.0 , 11679.0      , 2.55      , 2078/79, 2021/22
KOSHI        , TERHATHUM        , Maize    , 12897.0, 38756.0      , 3.01      , 2078/79, 2021/22
KOSHI        , TERHATHUM        , Wheat    , 2399.0 , 4796.0       , 2.0       , 2078/79, 2021/22
KOSHI        , DHANKUTA         , Maize    , 13467.0, 45114.0      , 3.35      , 2078/79, 2021/22
KOSHI        , DHANKUTA         , Wheat    , 1302.0 , 2733.0       , 2.1       , 2078/79, 2021/22
KOSHI        , BHOJPUR          , Maize    , 36898.0, 97555.0      , 2.64      , 2078/79, 2021/22
KOSHI        , BHOJPUR          , Wheat    , 414.0  , 745.0        , 1.8       , 2078/79, 2021/22
KOSHI        , KHOTANG          , Maize    , 35845.0, 98079.0      , 2.74      , 2078/79, 2021/22
KOSHI        , KHOTANG          , Wheat    , 3530.0 , 6531.0       , 1.85      , 2078/79, 2021/22
KOSHI        , OKHALDHUNGA      , Maize    , 12400.0, 39680.0      , 3.2       , 2078/79, 2021/22
KOSHI        , OKHALDHUNGA      , Wheat    , 2145.0 , 3330.0       , 1.55      , 2078/79, 2021/22
KOSHI        , UDAYAPUR         , Maize    , 17836.0, 55239.0      , 3.1       , 2078/79, 2021/22
KOSHI        , UDAYAPUR         , Wheat    , 5130.0 , 12825.0      , 2.5       , 2078/79, 2021/22
KOSHI        , JHAPA            , Maize    , 41059.0, 162613.0     , 3.96      , 2078/79, 2021/22
KOSHI        , JHAPA            , Wheat    , 5000.0 , 13505.0      , 2.7       , 2078/79, 2021/22
KOSHI        , MORANG           , Maize    , 18552.0, 68801.0      , 3.71      , 2078/79, 2021/22
KOSHI        , MORANG           , Wheat    , 11755.0, 33687.0      , 2.87      , 2078/79, 2021/22
KOSHI        , SUNSARI          , Maize    , 9034.0 , 29432.0      , 3.26      , 2078/79, 2021/22
KOSHI        , SUNSARI          , Wheat    , 12127.0, 41195.0      , 3.4       , 2078/79, 2021/22
MADHESH      , SAPTARI          , Maize    , 6589.0 , 23211.0      , 3.52      , 2078/79, 2021/22
MADHESH      , SAPTARI          , Wheat    , 15017.0, 54351.0      , 3.62      , 2078/79, 2021/22
MADHESH      , SIRAHA           , Maize    , 3755.0 , 14007.0      , 3.73      , 2078/79, 2021/22
MADHESH      , SIRAHA           , Wheat    , 11794.0, 41468.0      , 3.52      , 2078/79, 2021/22
MADHESH      , DHANUSHA         , Maize    , 3476.0 , 11343.0      , 3.26      , 2078/79, 2021/22
MADHESH      , DHANUSHA         , Wheat    , 37788.0, 126387.0     , 3.34      , 2078/79, 2021/22
MADHESH      , MAHOTTARI        , Maize    , 9754.0 , 29783.0      , 3.05      , 2078/79, 2021/22
MADHESH      , MAHOTTARI        , Wheat    , 29379.0, 95874.0      , 3.26      , 2078/79, 2021/22
MADHESH      , SARLAHI          , Maize    , 10205.0, 35831.0      , 3.51      , 2078/79, 2021/22
MADHESH      , SARLAHI          , Wheat    , 22984.0, 77128.0      , 3.36      , 2078/79, 2021/22
MADHESH      , RAUTAHAT         , Maize    , 3513.0 , 12821.0      , 3.65      , 2078/79, 2021/22
MADHESH      , RAUTAHAT         , Wheat    , 15991.0, 52888.0      , 3.31      , 2078/79, 2021/22
MADHESH      , BARA             , Maize    , 11940.0, 46653.0      , 3.91      , 2078/79, 2021/22
MADHESH      , BARA             , Wheat    , 27103.0, 94650.0      , 3.49      , 2078/79, 2021/22
MADHESH      , PARSA            , Maize    , 4189.0 , 17166.0      , 4.1       , 2078/79, 2021/22
MADHESH      , PARSA            , Wheat    , 23008.0, 86163.0      , 3.74      , 2078/79, 2021/22
BAGMATI      , DOLAKHA          , Maize    , 6171.0 , 22155.0      , 3.59      , 2078/79, 2021/22
BAGMATI      , DOLAKHA          , Wheat    , 4246.0 , 7515.0       , 1.77      , 2078/79, 2021/22
BAGMATI      , SINDHUPALCHOK    , Maize    , 26190.0, 75713.0      , 2.89      , 2078/79, 2021/22
BAGMATI      , SINDHUPALCHOK    , Wheat    , 6904.0 , 8723.0       , 1.26      , 2078/79, 2021/22
BAGMATI      , RASUWA           , Maize    , 2524.0 , 6310.0       , 2.5       , 2078/79, 2021/22
BAGMATI      , RASUWA           , Wheat    , 761.0  , 1232.0       , 1.62      , 2078/79, 2021/22
BAGMATI      , RAMECHAP         , Maize    , 22367.0, 68286.0      , 3.05      , 2078/79, 2021/22
BAGMATI      , RAMECHAP         , Wheat    , 3674.0 , 8560.0       , 2.33      , 2078/79, 2021/22
BAGMATI      , SINDHULI         , Maize    , 27556.0, 85601.0      , 3.11      , 2078/79, 2021/22
BAGMATI      , SINDHULI         , Wheat    , 6354.0 , 14890.0      , 2.34      , 2078/79, 2021/22
BAGMATI      , KAVRE            , Maize    , 26010.0, 88550.0      , 3.4       , 2078/79, 2021/22
BAGMATI      , KAVRE            , Wheat    , 8860.0 , 28700.0      , 3.24      , 2078/79, 2021/22
BAGMATI      , BHAKTAPUR        , Maize    , 1900.0 , 7750.0       , 4.08      , 2078/79, 2021/22
BAGMATI      , BHAKTAPUR        , Wheat    , 3150.0 , 12409.0      , 3.94      , 2078/79, 2021/22
BAGMATI      , LALITPUR         , Maize    , 8573.0 , 33656.0      , 3.93      , 2078/79, 2021/22
BAGMATI      , LALITPUR         , Wheat    , 3485.0 , 11858.0      , 3.4       , 2078/79, 2021/22
BAGMATI      , KATHMANDU        , Maize    , 6897.0 , 29748.0      , 4.31      , 2078/79, 2021/22
BAGMATI      , KATHMANDU        , Wheat    , 3200.0 , 11174.0      , 3.49      , 2078/79, 2021/22
BAGMATI      , NUWAKOT          , Maize    , 16206.0, 49408.0      , 3.05      , 2078/79, 2021/22
BAGMATI      , NUWAKOT          , Wheat    , 4495.0 , 16044.0      , 3.57      , 2078/79, 2021/22
BAGMATI      , DHADING          , Maize    , 19776.0, 45785.0      , 2.32      , 2078/79, 2021/22
BAGMATI      , DHADING          , Wheat    , 4748.0 , 15496.0      , 3.26      , 2078/79, 2021/22
BAGMATI      , MAKWANPUR        , Maize    , 24113.0, 78209.0      , 3.24      , 2078/79, 2021/22
BAGMATI      , MAKWANPUR        , Wheat    , 4128.0 , 13622.0      , 3.3       , 2078/79, 2021/22
BAGMATI      , CHITWAN          , Maize    , 28055.0, 105239.0     , 3.75      , 2078/79, 2021/22
BAGMATI      , CHITWAN          , Wheat    , 5151.0 , 23248.0      , 4.51      , 2078/79, 2021/22
GANDAKI      , MANANG           , Maize    , 177.0  , 351.0        , 1.98      , 2078/79, 2021/22
GANDAKI      , MANANG           , Wheat    , 213.0  , 500.0        , 2.35      , 2078/79, 2021/22
GANDAKI      , MUSTANG          , Maize    , 67.0   , 99.0         , 1.48      , 2078/79, 2021/22
GANDAKI      , MUSTANG          , Wheat    , 84.0   , 142.0        , 1.69      , 2078/79, 2021/22
GANDAKI      , GORKHA           , Maize    , 18935.0, 46400.0      , 2.45      , 2078/79, 2021/22
GANDAKI      , GORKHA           , Wheat    , 3910.0 , 9235.0       , 2.36      , 2078/79, 2021/22
GANDAKI      , LAMJUNG          , Maize    , 19255.0, 48166.0      , 2.5       , 2078/79, 2021/22
GANDAKI      , LAMJUNG          , Wheat    , 368.0  , 962.0        , 2.61      , 2078/79, 2021/22
GANDAKI      , TANAHU           , Maize    , 22316.0, 74574.0      , 3.34      , 2078/79, 2021/22
GANDAKI      , TANAHU           , Wheat    , 1643.0 , 4119.0       , 2.51      , 2078/79, 2021/22
GANDAKI      , KASKI            , Maize    , 13583.0, 39229.0      , 2.97      , 2078/79, 2021/22
GANDAKI      , KASKI            , Wheat    , 6820.0 , 17201.0      , 2.52      , 2078/79, 2021/22
GANDAKI      , PARBAT           , Maize    , 13700.0, 35500.0      , 2.59      , 2078/79, 2021/22
GANDAKI      , PARBAT           , Wheat    , 2600.0 , 6350.0       , 2.44      , 2078/79, 2021/22
GANDAKI      , SYANGJA          , Maize    , 28945.0, 97930.0      , 3.38      , 2078/79, 2021/22
GANDAKI      , SYANGJA          , Wheat    , 5560.0 , 16008.0      , 2.88      , 2078/79, 2021/22
GANDAKI      , MYAGDI           , Maize    , 9435.0 , 32200.0      , 3.41      , 2078/79, 2021/22
GANDAKI      , MYAGDI           , Wheat    , 2530.0 , 6272.0       , 2.48      , 2078/79, 2021/22
GANDAKI      , BAGLUNG          , Maize    , 18850.0, 64260.0      , 3.41      , 2078/79, 2021/22
GANDAKI      , BAGLUNG          , Wheat    , 6900.0 , 17319.0      , 2.51      , 2078/79, 2021/22
GANDAKI      , NAWALPARASI EAST , Maize    , 5101.0 , 15556.0      , 3.05      , 2078/79, 2021/22
GANDAKI      , NAWALPARASI EAST , Wheat    , 7605.0 , 20930.0      , 2.75      , 2078/79, 2021/22
LUMBINI      , PALPA            , Maize    , 21643.0, 55779.0      , 2.58      , 2078/79, 2021/22
LUMBINI      , PALPA            , Wheat    , 5786.0 , 13572.0      , 2.35      , 2078/79, 2021/22
LUMBINI      , GULMI            , Maize    , 22445.0, 68269.0      , 3.04      , 2078/79, 2021/22
LUMBINI      , GULMI            , Wheat    , 6517.0 , 19386.0      , 2.97      , 2078/79, 2021/22
LUMBINI      , ARGHAKHANCHI     , Maize    , 16955.0, 54975.0      , 3.24      , 2078/79, 2021/22
LUMBINI      , ARGHAKHANCHI     , Wheat    , 7340.0 , 19955.0      , 2.72      , 2078/79, 2021/22
LUMBINI      , NAWALPARASIWEST, Maize    , 4466.0 , 15419.0      , 3.45      , 2078/79, 2021/22
LUMBINI      , NAWALPARASIWEST, Wheat    , 7638.0 , 22303.0      , 2.92      , 2078/79, 2021/22
LUMBINI      , RUPANDEHI        , Maize    , 2751.0 , 10752.0      , 3.91      , 2078/79, 2021/22
LUMBINI      , RUPANDEHI        , Wheat    , 26118.0, 103167.0     , 3.95      , 2078/79, 2021/22
LUMBINI      , KAPILBASTU       , Maize    , 1334.0 , 4451.0       , 3.34      , 2078/79, 2021/22
LUMBINI      , KAPILBASTU       , Wheat    , 26292.0, 98184.0      , 3.73      , 2078/79, 2021/22
LUMBINI      , DANG             , Maize    , 24900.0, 77847.0      , 3.13      , 2078/79, 2021/22
LUMBINI      , DANG             , Wheat    , 12690.0, 39694.0      , 3.13      , 2078/79, 2021/22
LUMBINI      , BANKE            , Maize    , 19545.0, 62192.0      , 3.18      , 2078/79, 2021/22
LUMBINI      , BANKE            , Wheat    , 23500.0, 79000.0      , 3.36      , 2078/79, 2021/22
LUMBINI      , BARDIYA          , Maize    , 5350.0 , 20008.0      , 3.74      , 2078/79, 2021/22
LUMBINI      , BARDIYA          , Wheat    , 23500.0, 79500.0      , 3.38      , 2078/79, 2021/22
LUMBINI      , RUKUMEAST       , Maize    , 5037.0 , 14559.0      , 2.89      , 2078/79, 2021/22
LUMBINI      , RUKUMEAST       , Wheat    , 3273.0 , 8952.0       , 2.74      , 2078/79, 2021/22
LUMBINI      , PYUTHAN          , Maize    , 12158.0, 35626.0      , 2.93      , 2078/79, 2021/22
LUMBINI      , PYUTHAN          , Wheat    , 8690.0 , 24959.0      , 2.87      , 2078/79, 2021/22
LUMBINI      , ROLPA            , Maize    , 12335.0, 38500.0      , 3.12      , 2078/79, 2021/22
LUMBINI      , ROLPA            , Wheat    , 8596.0 , 24400.0      , 2.84      , 2078/79, 2021/22
KARNALI      , DOLPA            , Maize    , 2204.0 , 2798.0       , 1.27      , 2078/79, 2021/22
KARNALI      , DOLPA            , Wheat    , 2805.0 , 4010.0       , 1.43      , 2078/79, 2021/22
KARNALI      , MUGU             , Maize    , 1120.0 , 2350.0       , 2.1       , 2078/79, 2021/22
KARNALI      , MUGU             , Wheat    , 1795.0 , 1870.0       , 1.04      , 2078/79, 2021/22
KARNALI      , HUMLA            , Maize    , 219.0  , 252.0        , 1.15      , 2078/79, 2021/22
KARNALI      , HUMLA            , Wheat    , 1172.0 , 1526.0       , 1.3       , 2078/79, 2021/22
KARNALI      , JUMLA            , Maize    , 4200.0 , 6720.0       , 1.6       , 2078/79, 2021/22
KARNALI      , JUMLA            , Wheat    , 2355.0 , 5290.0       , 2.25      , 2078/79, 2021/22
KARNALI      , KALIKOT          , Maize    , 3036.0 , 8535.0       , 2.81      , 2078/79, 2021/22
KARNALI      , KALIKOT          , Wheat    , 5508.0 , 8567.0       , 1.56      , 2078/79, 2021/22
KARNALI      , RUKUMWEST       , Maize    , 8350.0 , 31954.0      , 3.83      , 2078/79, 2021/22
KARNALI      , RUKUMWEST       , Wheat    , 9385.0 , 22247.0      , 2.37      , 2078/79, 2021/22
KARNALI      , SALYAN           , Maize    , 19335.0, 60256.0      , 3.12      , 2078/79, 2021/22
KARNALI      , SALYAN           , Wheat    , 13217.0, 41610.0      , 3.15      , 2078/79, 2021/22
KARNALI      , JAJARKOT         , Maize    , 10500.0, 34650.0      , 3.3       , 2078/79, 2021/22
KARNALI      , JAJARKOT         , Wheat    , 10432.0, 26080.0      , 2.5       , 2078/79, 2021/22
KARNALI      , DAILEKH          , Maize    , 18680.0, 55880.0      , 2.99      , 2078/79, 2021/22
KARNALI      , DAILEKH          , Wheat    , 13710.0, 33801.0      , 2.47      , 2078/79, 2021/22
KARNALI      , SURKHET          , Maize    , 13252.0, 46756.0      , 3.53      , 2078/79, 2021/22
KARNALI      , SURKHET          , Wheat    , 12191.0, 42354.0      , 3.47      , 2078/79, 2021/22
SUDURPASHCHIM, BAJURA           , Maize    , 3293.0 , 4850.0       , 1.47      , 2078/79, 2021/22
SUDURPASHCHIM, BAJURA           , Wheat    , 10450.0, 15675.0      , 1.5       , 2078/79, 2021/22
SUDURPASHCHIM, BAJHANG          , Maize    , 4050.0 , 6599.0       , 1.63      , 2078/79, 2021/22
SUDURPASHCHIM, BAJHANG          , Wheat    , 10927.0, 21944.0      , 2.01      , 2078/79, 2021/22
SUDURPASHCHIM, DARCHULA         , Maize    , 5530.0 , 15401.0      , 2.78      , 2078/79, 2021/22
SUDURPASHCHIM, DARCHULA         , Wheat    , 5962.0 , 9658.0       , 1.62      , 2078/79, 2021/22
SUDURPASHCHIM, ACHHAM           , Maize    , 6688.0 , 20714.0      , 3.1       , 2078/79, 2021/22
SUDURPASHCHIM, ACHHAM           , Wheat    , 14730.0, 24676.0      , 1.68      , 2078/79, 2021/22
SUDURPASHCHIM, DOTI             , Maize    , 3998.0 , 12038.0      , 3.01      , 2078/79, 2021/22
SUDURPASHCHIM, DOTI             , Wheat    , 14302.0, 28162.0      , 1.97      , 2078/79, 2021/22
SUDURPASHCHIM, BAITADI          , Maize    , 10864.0, 32078.0      , 2.95      , 2078/79, 2021/22
SUDURPASHCHIM, BAITADI          , Wheat    , 15400.0, 24122.0      , 1.57      , 2078/79, 2021/22
SUDURPASHCHIM, DADELDHURA       , Maize    , 3810.0 , 11430.0      , 3.0       , 2078/79, 2021/22
SUDURPASHCHIM, DADELDHURA       , Wheat    , 8744.0 , 23905.0      , 2.73      , 2078/79, 2021/22
SUDURPASHCHIM, KAILALI          , Maize    , 6130.0 , 21289.0      , 3.47      , 2078/79, 2021/22
SUDURPASHCHIM, KAILALI          , Wheat    , 34944.0, 125252.0     , 3.58      , 2078/79, 2021/22
SUDURPASHCHIM, KANCHANPUR       , Maize    , 3250.0 , 11534.0      , 3.55      , 2078/79, 2021/22
SUDURPASHCHIM, KANCHANPUR       , Wheat    , 31355.0, 101995.0     , 3.25      , 2078/79, 2021/22
KOSHI        , TAPLEJUNG        , Millet   , 2987   , 4242         , 1.42      , 2078/79, 2021/22
KOSHI        , TAPLEJUNG        , Barley   , 269    , 405          , 1.51      , 2078/79, 2021/22
KOSHI        , TAPLEJUNG        , Buckwheat, 131    , 174          , 1.32      , 2078/79, 2021/22
KOSHI        , SANKHUWASABHA    , Millet   , 6664   , 8664         , 1.30      , 2078/79, 2021/22
KOSHI        , SANKHUWASABHA    , Barley   , 12     , 16           , 1.34      , 2078/79, 2021/22
KOSHI        , SANKHUWASABHA    , Buckwheat, 18     , 23           , 1.26      , 2078/79, 2021/22
KOSHI        , SOLUKHUMBU       , Millet   , 2105   , 2830         , 1.34      , 2078/79, 2021/22
KOSHI        , SOLUKHUMBU       , Barley   , 162    , 193          , 1.19      , 2078/79, 2021/22
KOSHI        , SOLUKHUMBU       , Buckwheat, 339    , 358          , 1.05      , 2078/79, 2021/22
KOSHI        , PANCHTHAR        , Millet   , 3738   , 6217         , 1.66      , 2078/79, 2021/22
KOSHI        , PANCHTHAR        , Barley   , 299    , 431          , 1.44      , 2078/79, 2021/22
KOSHI        , PANCHTHAR        , Buckwheat, 57     , 61           , 1.07      , 2078/79, 2021/22
KOSHI        , ILLAM            , Millet   , 1600   , 2525         , 1.58      , 2078/79, 2021/22
KOSHI        , ILLAM            , Barley   , 49     , 59           , 1.20      , 2078/79, 2021/22
KOSHI        , ILLAM            , Buckwheat, 25     , 41           , 1.64      , 2078/79, 2021/22
KOSHI        , TERHATHUM        , Millet   , 2505   , 2956         , 1.18      , 2078/79, 2021/22
KOSHI        , TERHATHUM        , Barley   , 64     , 85           , 1.33      , 2078/79, 2021/22
KOSHI        , TERHATHUM        , Buckwheat, 27     , 27           , 1.0       , 2078/79, 2021/22
KOSHI        , DHANKUTA         , Millet   , 7230   , 8759         , 1.21      , 2078/79, 2021/22
KOSHI        , DHANKUTA         , Barley   , N/A    , N/A          , N/A       , 2078/79, 2021/22
KOSHI        , DHANKUTA         , Buckwheat, 5      , 8            , 1.79      , 2078/79, 2021/22
KOSHI        , BHOJPUR          , Millet   , 5284   , 6657         , 1.26      , 2078/79, 2021/22
KOSHI        , BHOJPUR          , Barley   , 10     , 15           , 1.5       , 2078/79, 2021/22
KOSHI        , BHOJPUR          , Buckwheat, 36     , 39           , 1.08      , 2078/79, 2021/22
KOSHI        , KHOTANG          , Millet   , 22315  , 31308        , 1.40      , 2078/79, 2021/22
KOSHI        , KHOTANG          , Barley   , 341    , 522          , 1.53      , 2078/79, 2021/22
KOSHI        , KHOTANG          , Buckwheat, 622    , 734          , 1.18      , 2078/79, 2021/22
KOSHI        , OKHALDHUNGA      , Millet   , 8251   , 15378        , 1.86      , 2078/79, 2021/22
KOSHI        , OKHALDHUNGA      , Barley   , 75     , 107          , 1.43      , 2078/79, 2021/22
KOSHI        , OKHALDHUNGA      , Buckwheat, 105    , 111          , 1.06      , 2078/79, 2021/22
KOSHI        , UDAYAPUR         , Millet   , 2768   , 5147         , 1.86      , 2078/79, 2021/22
KOSHI        , UDAYAPUR         , Barley   , 29     , 43           , 1.48      , 2078/79, 2021/22
KOSHI        , UDAYAPUR         , Buckwheat, 21     , 23           , 1.07      , 2078/79, 2021/22
KOSHI        , JHAPA            , Millet   , 1000   , 1300         , 1.30      , 2078/79, 2021/22
KOSHI        , JHAPA            , Barley   , 4      , 7            , 1.75      , 2078/79, 2021/22
KOSHI        , JHAPA            , Buckwheat, 1805   , 3224         , 1.74      , 2078/79, 2021/22
KOSHI        , MORANG           , Millet   , 1531   , 1833         , 1.20      , 2078/79, 2021/22
KOSHI        , MORANG           , Barley   , N/A    , N/A          , N/A       , 2078/79, 2021/22
KOSHI        , MORANG           , Buckwheat, 245    , 255          , 1.04      , 2078/79, 2021/22
KOSHI        , SUNSARI          , Millet   , 505    , 585          , 1.16      , 2078/79, 2021/22
KOSHI        , SUNSARI          , Barley   , 14     , 22           , 1.57      , 2078/79, 2021/22
KOSHI        , SUNSARI          , Buckwheat, 299    , 380          , 1.27      , 2078/79, 2021/22
MADHESH      , SAPTARI          , Millet   , 183    , 231          , 1.26      , 2078/79, 2021/22
MADHESH      , SAPTARI          , Barley   , N/A    , N/A          , N/A       , 2078/79, 2021/22
MADHESH      , SAPTARI          , Buckwheat, N/A    , N/A          , N/A       , 2078/79, 2021/22
MADHESH      , SIRAHA           , Millet   , 445    , 446          , 1.0       , 2078/79, 2021/22
MADHESH      , SIRAHA           , Barley   , N/A    , N/A          , N/A       , 2078/79, 2021/22
MADHESH      , SIRAHA           , Buckwheat, N/A    , N/A          , N/A       , 2078/79, 2021/22
MADHESH      , DHANUSHA         , Millet   , 176    , 180          , 1.02      , 2078/79, 2021/22
MADHESH      , DHANUSHA         , Barley   , 1      , 2            , 1.5       , 2078/79, 2021/22
MADHESH      , DHANUSHA         , Buckwheat, N/A    , N/A          , N/A       , 2078/79, 2021/22
MADHESH      , MAHOTTARI        , Millet   , N/A    , N/A          , N/A       , 2078/79, 2021/22
MADHESH      , MAHOTTARI        , Barley   , N/A    , N/A          , N/A       , 2078/79, 2021/22
MADHESH      , MAHOTTARI        , Buckwheat, 8      , 9            , 1.18      , 2078/79, 2021/22
MADHESH      , SARLAHI          , Millet   , 709    , 638          , 0.90      , 2078/79, 2021/22
MADHESH      , SARLAHI          , Barley   , 260    , 290          , 1.12      , 2078/79, 2021/22
MADHESH      , SARLAHI          , Buckwheat, N/A    , N/A          , N/A       , 2078/79, 2021/22
MADHESH      , RAUTAHAT         , Millet   , 71     , 74           , 1.04      , 2078/79, 2021/22
MADHESH      , RAUTAHAT         , Barley   , 3      , 5            , 1.57      , 2078/79, 2021/22
MADHESH      , RAUTAHAT         , Buckwheat, N/A    , N/A          , N/A       , 2078/79, 2021/22
MADHESH      , BARA             , Millet   , 76     , 88           , 1.16      , 2078/79, 2021/22
MADHESH      , BARA             , Barley   , 38     , 41           , 1.08      , 2078/79, 2021/22
MADHESH      , BARA             , Buckwheat, N/A    , N/A          , N/A       , 2078/79, 2021/22
MADHESH      , PARSA            , Millet   , N/A    , N/A          , N/A       , 2078/79, 2021/22
MADHESH      , PARSA            , Barley   , 30     , 41           , 1.37      , 2078/79, 2021/22
MADHESH      , PARSA            , Buckwheat, N/A    , N/A          , N/A       , 2078/79, 2021/22
BAGMATI      , DOLAKHA          , Millet   , 3659.0 , 4854.0       , 1.33      , 2078/79, 2021/22
BAGMATI      , DOLAKHA          , Barley   , 136.0  , 165.0        , 1.21      , 2078/79, 2021/22
BAGMATI      , DOLAKHA          , Buckwheat, 1057.0 , 1160.0       , 1.1       , 2078/79, 2021/22
BAGMATI      , SINDHUPALCHOK    , Millet   , 17350.0, 18500.0      , 1.07      , 2078/79, 2021/22
BAGMATI      , SINDHUPALCHOK    , Barley   , 172.0  , 205.0        , 1.19      , 2078/79, 2021/22
BAGMATI      , SINDHUPALCHOK    , Buckwheat, 226.0  , 206.0        , 0.91      , 2078/79, 2021/22
BAGMATI      , RASUWA           , Millet   , 898.0  , 1032.0       , 1.15      , 2078/79, 2021/22
BAGMATI      , RASUWA           , Barley   , 243.0  , 335.0        , 1.38      , 2078/79, 2021/22
BAGMATI      , RASUWA           , Buckwheat, 21.0   , 19.0         , 0.9       , 2078/79, 2021/22
BAGMATI      , RAMECHAP         , Millet   , 4989.0 , 5690.0       , 1.14      , 2078/79, 2021/22
BAGMATI      , RAMECHAP         , Barley   , 63.0   , 85.0         , 1.35      , 2078/79, 2021/22
BAGMATI      , RAMECHAP         , Buckwheat, 20.0   , 20.0         , 0.96      , 2078/79, 2021/22
BAGMATI      , SINDHULI         , Millet   , 11700.0, 11089.0      , 0.95      , 2078/79, 2021/22
BAGMATI      , SINDHULI         , Barley   , 41.0   , 65.0         , 1.59      , 2078/79, 2021/22
BAGMATI      , SINDHULI         , Buckwheat, 644.0  , 651.0        , 1.01      , 2078/79, 2021/22
BAGMATI      , KAVRE            , Millet   , 3505.0 , 4530.0       , 1.29      , 2078/79, 2021/22
BAGMATI      , KAVRE            , Barley   , 378.0  , 658.0        , 1.74      , 2078/79, 2021/22
BAGMATI      , KAVRE            , Buckwheat, 548.0  , 597.0        , 1.09      , 2078/79, 2021/22
BAGMATI      , BHAKTAPUR        , Millet   , 110.0  , 117.0        , 1.06      , 2078/79, 2021/22
BAGMATI      , BHAKTAPUR        , Barley   , 17.0   , 29.0         , 1.71      , 2078/79, 2021/22
BAGMATI      , BHAKTAPUR        , Buckwheat, 4.0    , 5.0          , 1.03      , 2078/79, 2021/22
BAGMATI      , LALITPUR         , Millet   , 600.0  , 804.0        , 1.34      , 2078/79, 2021/22
BAGMATI      , LALITPUR         , Barley   , 38.0   , 55.0         , 1.45      , 2078/79, 2021/22
BAGMATI      , LALITPUR         , Buckwheat, 57.0   , 58.0         , 1.03      , 2078/79, 2021/22
BAGMATI      , KATHMANDU        , Millet   , 770.0  , 1300.0       , 1.69      , 2078/79, 2021/22
BAGMATI      , KATHMANDU        , Barley   , 2.0    , 4.0          , 1.51      , 2078/79, 2021/22
BAGMATI      , KATHMANDU        , Buckwheat, 7.0    , 7.0          , 0.98      , 2078/79, 2021/22
BAGMATI      , NUWAKOT          , Millet   , 5110.0 , 7234.0       , 1.42      , 2078/79, 2021/22
BAGMATI      , NUWAKOT          , Barley   , 155.0  , 198.0        , 1.28      , 2078/79, 2021/22
BAGMATI      , NUWAKOT          , Buckwheat, 219.0  , 231.0        , 1.05      , 2078/79, 2021/22
BAGMATI      , DHADING          , Millet   , 6940.0 , 7445.0       , 1.07      , 2078/79, 2021/22
BAGMATI      , DHADING          , Barley   , 301.0  , 385.0        , 1.28      , 2078/79, 2021/22
BAGMATI      , DHADING          , Buckwheat, 114.0  , 119.0        , 1.04      , 2078/79, 2021/22
BAGMATI      , MAKAWANPUR       , Millet   , 2650.0 , 3340.0       , 1.26      , 2078/79, 2021/22
BAGMATI      , MAKAWANPUR       , Barley   , 265.0  , 352.0        , 1.33      , 2078/79, 2021/22
BAGMATI      , MAKAWANPUR       , Buckwheat, 394.0  , 427.0        , 1.08      , 2078/79, 2021/22
BAGMATI      , CHITWAN          , Millet   , 1478.0 , 1693.0       , 1.15      , 2078/79, 2021/22
BAGMATI      , CHITWAN          , Barley   , 15.0   , 28.0         , 1.87      , 2078/79, 2021/22
BAGMATI      , CHITWAN          , Buckwheat, 1300.0 , 1393.0       , 1.07      , 2078/79, 2021/22
GANDAKI      , MANANG           , Millet   , N/A    , N/A          , N/A       , 2078/79, 2021/22
GANDAKI      , MANANG           , Barley   , 111.0  , 175.0        , 1.58      , 2078/79, 2021/22
GANDAKI      , MANANG           , Buckwheat, 361.0  , 610.0        , 1.88      , 2078/79, 2021/22
GANDAKI      , MUSTANG          , Millet   , N/A    , N/A          , N/A       , 2078/79, 2021/22
GANDAKI      , MUSTANG          , Barley   , 255.0  , 495.0        , 1.94      , 2078/79, 2021/22
GANDAKI      , MUSTANG          , Buckwheat, 568.0  , 805.0        , 1.42      , 2078/79, 2021/22
GANDAKI      , GORKHA           , Millet   , 12180.0, 14820.0      , 1.22      , 2078/79, 2021/22
GANDAKI      , GORKHA           , Barley   , 110.0  , 141.0        , 1.28      , 2078/79, 2021/22
GANDAKI      , GORKHA           , Buckwheat, 332.0  , 472.0        , 1.42      , 2078/79, 2021/22
GANDAKI      , LAMJUNG          , Millet   , 7793.0 , 9473.0       , 1.22      , 2078/79, 2021/22
GANDAKI      , LAMJUNG          , Barley   , 16.0   , 28.0         , 1.75      , 2078/79, 2021/22
GANDAKI      , LAMJUNG          , Buckwheat, 19.0   , 18.0         , 0.95      , 2078/79, 2021/22
GANDAKI      , TANAHU           , Millet   , 6729.0 , 7700.0       , 1.14      , 2078/79, 2021/22
GANDAKI      , TANAHU           , Barley   , 5.0    , 6.0          , 1.13      , 2078/79, 2021/22
GANDAKI      , TANAHU           , Buckwheat, 217.0  , 219.0        , 1.01      , 2078/79, 2021/22
GANDAKI      , KASKI            , Millet   , 13604.0, 21060.0      , 1.55      , 2078/79, 2021/22
GANDAKI      , KASKI            , Barley   , 8.0    , 8.0          , 1.0       , 2078/79, 2021/22
GANDAKI      , KASKI            , Buckwheat, 15.0   , 17.0         , 1.19      , 2078/79, 2021/22
GANDAKI      , PARBAT           , Millet   , 8592.0 , 9560.0       , 1.11      , 2078/79, 2021/22
GANDAKI      , PARBAT           , Barley   , 80.0   , 105.0        , 1.31      , 2078/79, 2021/22
GANDAKI      , PARBAT           , Buckwheat, 193.0  , 254.0        , 1.32      , 2078/79, 2021/22
GANDAKI      , SYANGJA          , Millet   , 16501.0, 20346.0      , 1.23      , 2078/79, 2021/22
GANDAKI      , SYANGJA          , Barley   , 6.0    , 6.0          , 1.0       , 2078/79, 2021/22
GANDAKI      , SYANGJA          , Buckwheat, 273.0  , 294.0        , 1.08      , 2078/79, 2021/22
GANDAKI      , NAWALPARASIEAST, Millet   , 259.0  , 292.0        , 1.13      , 2078/79, 2021/22
GANDAKI      , NAWALPARASIEAST, Barley   , 205.0  , 223.0        , 1.09      , 2078/79, 2021/22
GANDAKI      , NAWALPARASIEAST, Buckwheat, 99.0   , 98.0         , 0.99      , 2078/79, 2021/22
GANDAKI      , MYAGDI           , Millet   , 2958.0 , 3652.0       , 1.23      , 2078/79, 2021/22
GANDAKI      , MYAGDI           , Barley   , 275.0  , 395.0        , 1.44      , 2078/79, 2021/22
GANDAKI      , MYAGDI           , Buckwheat, 178.0  , 197.0        , 1.11      , 2078/79, 2021/22
GANDAKI      , BAGLUNG          , Millet   , 18456.0, 23247.0      , 1.26      , 2078/79, 2021/22
GANDAKI      , BAGLUNG          , Barley   , 90.0   , 120.0        , 1.33      , 2078/79, 2021/22
GANDAKI      , BAGLUNG          , Buckwheat, 98.0   , 140.0        , 1.43      , 2078/79, 2021/22
LUMBINI      , PALPA            , Millet   , 2684.0 , 3762.0       , 1.4       , 2078/79, 2021/22
LUMBINI      , PALPA            , Barley   , 24.0   , 24.2         , 1.01      , 2078/79, 2021/22
LUMBINI      , PALPA            , Buckwheat, 438.0  , 403.0        , 0.92      , 2078/79, 2021/22
LUMBINI      , GULMI            , Millet   , 2927.0 , 3817.0       , 1.3       , 2078/79, 2021/22
LUMBINI      , GULMI            , Barley   , 426.0  , 353.0        , 0.83      , 2078/79, 2021/22
LUMBINI      , GULMI            , Buckwheat, 275.0  , 513.0        , 1.87      , 2078/79, 2021/22
LUMBINI      , ARGHAKHANCHI     , Millet   , 511.0  , 577.0        , 1.13      , 2078/79, 2021/22
LUMBINI      , ARGHAKHANCHI     , Barley   , 375.0  , 388.0        , 1.03      , 2078/79, 2021/22
LUMBINI      , ARGHAKHANCHI     , Buckwheat, 350.0  , 450.0        , 1.28      , 2078/79, 2021/22
LUMBINI      , NAWALPARASIWEST, Millet   , 228.0  , 238.0        , 1.04      , 2078/79, 2021/22
LUMBINI      , NAWALPARASIWEST, Barley   , 5.0    , 6.0          , 1.23      , 2078/79, 2021/22
LUMBINI      , NAWALPARASIWEST, Buckwheat, 6.0    , 7.0          , 1.28      , 2078/79, 2021/22
LUMBINI      , RUPANDEHI        , Millet   , 46.0   , 53.0         , 1.14      , 2078/79, 2021/22
LUMBINI      , RUPANDEHI        , Barley   , 74.0   , 145.0        , 1.96      , 2078/79, 2021/22
LUMBINI      , RUPANDEHI        , Buckwheat, N/A    , N/A          , N/A       , 2078/79, 2021/22
LUMBINI      , KAPILBASTU       , Millet   , N/A    , N/A          , N/A       , 2078/79, 2021/22
LUMBINI      , KAPILBASTU       , Barley   , 177.0  , 330.0        , 1.87      , 2078/79, 2021/22
LUMBINI      , KAPILBASTU       , Buckwheat, 18.0   , 17.0         , 0.94      , 2078/79, 2021/22
LUMBINI      , DANG             , Millet   , 14.0   , 15.0         , 1.06      , 2078/79, 2021/22
LUMBINI      , DANG             , Barley   , 23.0   , 28.0         , 1.23      , 2078/79, 2021/22
LUMBINI      , DANG             , Buckwheat, 57.0   , 63.0         , 1.11      , 2078/79, 2021/22
LUMBINI      , BANKE            , Millet   , N/A    , N/A          , N/A       , 2078/79, 2021/22
LUMBINI      , BANKE            , Barley   , 8.0    , 11.0         , 1.37      , 2078/79, 2021/22
LUMBINI      , BANKE            , Buckwheat, N/A    , N/A          , N/A       , 2078/79, 2021/22
LUMBINI      , BARDIYA          , Millet   , N/A    , N/A          , N/A       , 2078/79, 2021/22
LUMBINI      , BARDIYA          , Barley   , 8.0    , 12.0         , 1.5       , 2078/79, 2021/22
LUMBINI      , BARDIYA          , Buckwheat, N/A    , N/A          , N/A       , 2078/79, 2021/22
LUMBINI      , RUKUMEAST      , Millet   , 641.0  , 833.0        , 1.3       , 2078/79, 2021/22
LUMBINI      , RUKUMEAST      , Barley   , 269.0  , 769.0        , 1.01      , 2078/79, 2021/22
LUMBINI      , RUKUMEAST      , Buckwheat, 163.0  , 187.0        , 1.15      , 2078/79, 2021/22
LUMBINI      , PYUTHAN          , Millet   , 2205.0 , 2918.0       , 1.32      , 2078/79, 2021/22
LUMBINI      , PYUTHAN          , Barley   , 736.0  , 787.0        , 1.07      , 2078/79, 2021/22
LUMBINI      , PYUTHAN          , Buckwheat, 11.0   , 14.0         , 1.27      , 2078/79, 2021/22
LUMBINI      , ROLPA            , Millet   , 1126.0 , 1498.0       , 1.33      , 2078/79, 2021/22
LUMBINI      , ROLPA            , Barley   , 620.0  , 625.0        , 1.01      , 2078/79, 2021/22
LUMBINI      , ROLPA            , Buckwheat, 102.0  , 95.0         , 0.93      , 2078/79, 2021/22
KARNALI      , DOLPA            , Millet   , 280.0  , 310.0        , 1.11      , 2078/79, 2021/22
KARNALI      , DOLPA            , Barley   , 433.0  , 543.0        , 1.03      , 2078/79, 2021/22
KARNALI      , DOLPA            , Buckwheat, 986.0  , 858.0        , 0.87      , 2078/79, 2021/22
KARNALI      , MUGU             , Millet   , 4264.0 , 4996.0       , 1.17      , 2078/79, 2021/22
KARNALI      , MUGU             , Barley   , 994.0  , 1205.0       , 1.21      , 2078/79, 2021/22
KARNALI      , MUGU             , Buckwheat, 677.0  , 637.0        , 0.94      , 2078/79, 2021/22
KARNALI      , HUMLA            , Millet   , 1308.0 , 1607.0       , 1.23      , 2078/79, 2021/22
KARNALI      , HUMLA            , Barley   , 642.0  , 811.0        , 1.26      , 2078/79, 2021/22
KARNALI      , HUMLA            , Buckwheat, 911.0  , 960.0        , 1.05      , 2078/79, 2021/22
KARNALI      , JUMLA            , Millet   , 3737.0 , 5191.0       , 1.39      , 2078/79, 2021/22
KARNALI      , JUMLA            , Barley   , 3003.0 , 4615.0       , 1.54      , 2078/79, 2021/22
KARNALI      , JUMLA            , Buckwheat, 243.0  , 285.0        , 1.17      , 2078/79, 2021/22
KARNALI      , KALIKOT          , Millet   , 1241.0 , 1662.0       , 1.34      , 2078/79, 2021/22
KARNALI      , KALIKOT          , Barley   , 647.0  , 772.0        , 1.19      , 2078/79, 2021/22
KARNALI      , KALIKOT          , Buckwheat, 139.0  , 159.0        , 1.15      , 2078/79, 2021/22
KARNALI      , RUKUMWEST      , Millet   , 466.0  , 633.0        , 1.36      , 2078/79, 2021/22
KARNALI      , RUKUMWEST      , Barley   , 480.0  , 702.0        , 1.46      , 2078/79, 2021/22
KARNALI      , RUKUMWEST      , Buckwheat, 165.0  , 206.0        , 1.25      , 2078/79, 2021/22
KARNALI      , SALYAN           , Millet   , 1231.0 , 1314.0       , 1.07      , 2078/79, 2021/22
KARNALI      , SALYAN           , Barley   , 749.0  , 1275.0       , 1.7       , 2078/79, 2021/22
KARNALI      , SALYAN           , Buckwheat, 74.0   , 89.0         , 1.19      , 2078/79, 2021/22
KARNALI      , JAJARKOT         , Millet   , 1833.0 , 2387.0       , 1.3       , 2078/79, 2021/22
KARNALI      , JAJARKOT         , Barley   , 595.0  , 784.0        , 1.32      , 2078/79, 2021/22
KARNALI      , JAJARKOT         , Buckwheat, 35.0   , 44.0         , 1.25      , 2078/79, 2021/22
KARNALI      , DAILEKH          , Millet   , 2760.0 , 3080.0       , 1.12      , 2078/79, 2021/22
KARNALI      , DAILEKH          , Barley   , 185.0  , 212.0        , 1.15      , 2078/79, 2021/22
KARNALI      , DAILEKH          , Buckwheat, 32.0   , 32.0         , 1.01      , 2078/79, 2021/22
KARNALI      , SURKHET          , Millet   , 2995.0 , 3497.0       , 1.17      , 2078/79, 2021/22
KARNALI      , SURKHET          , Barley   , 630.0  , 1105.0       , 1.75      , 2078/79, 2021/22
KARNALI      , SURKHET          , Buckwheat, 56.0   , 85.0         , 1.52      , 2078/79, 2021/22
SUDURPASHCHIM, BAJURA           , Millet   , 5870.0 , 5907.0       , 1.01      , 2078/79, 2021/22
SUDURPASHCHIM, BAJURA           , Barley   , 1470.0 , 1970.0       , 1.34      , 2078/79, 2021/22
SUDURPASHCHIM, BAJURA           , Buckwheat, 255.0  , 267.0        , 1.05      , 2078/79, 2021/22
SUDURPASHCHIM, BAJHANG          , Millet   , 2761.0 , 3525.0       , 1.28      , 2078/79, 2021/22
SUDURPASHCHIM, BAJHANG          , Barley   , 2354.0 , 4102.0       , 1.74      , 2078/79, 2021/22
SUDURPASHCHIM, BAJHANG          , Buckwheat, 105.0  , 143.0        , 1.36      , 2078/79, 2021/22
SUDURPASHCHIM, DARCHULA         , Millet   , 1263.0 , 1589.0       , 1.26      , 2078/79, 2021/22
SUDURPASHCHIM, DARCHULA         , Barley   , 1087.0 , 1598.0       , 1.47      , 2078/79, 2021/22
SUDURPASHCHIM, DARCHULA         , Buckwheat, 109.0  , 113.0        , 1.04      , 2078/79, 2021/22
SUDURPASHCHIM, ACHHAM           , Millet   , 3857.0 , 4912.0       , 1.27      , 2078/79, 2021/22
SUDURPASHCHIM, ACHHAM           , Barley   , 412.0  , 455.0        , 1.1       , 2078/79, 2021/22
SUDURPASHCHIM, ACHHAM           , Buckwheat, 83.0   , 76.0         , 0.92      , 2078/79, 2021/22
SUDURPASHCHIM, DOTI             , Millet   , 4570.0 , 5833.0       , 1.28      , 2078/79, 2021/22
SUDURPASHCHIM, DOTI             , Barley   , 240.0  , 321.0        , 1.34      , 2078/79, 2021/22
SUDURPASHCHIM, DOTI             , Buckwheat, 14.0   , 14.0         , 0.96      , 2078/79, 2021/22
SUDURPASHCHIM, BAITADI          , Millet   , 354.0  , 408.0        , 1.15      , 2078/79, 2021/22
SUDURPASHCHIM, BAITADI          , Barley   , 671.0  , 812.0        , 1.21      , 2078/79, 2021/22
SUDURPASHCHIM, BAITADI          , Buckwheat, 17.0   , 20.0         , 1.18      , 2078/79, 2021/22
SUDURPASHCHIM, DADELDHURA       , Millet   , 572.0  , 647.0        , 1.13      , 2078/79, 2021/22
SUDURPASHCHIM, DADELDHURA       , Barley   , 205.0  , 355.0        , 1.73      , 2078/79, 2021/22
SUDURPASHCHIM, DADELDHURA       , Buckwheat, 34.0   , 45.0         , 1.32      , 2078/79, 2021/22
SUDURPASHCHIM, KAILALI          , Millet   , 356.0  , 404.0        , 1.13      , 2078/79, 2021/22
SUDURPASHCHIM, KAILALI          , Barley   , 410.0  , 469.0        , 1.14      , 2078/79, 2021/22
SUDURPASHCHIM, KAILALI          , Buckwheat, 27.0   , 34.0         , 1.26      , 2078/79, 2021/22
SUDURPASHCHIM, KANCHANPUR       , Millet   , N/A    , N/A          , N/A       , 2078/79, 2021/22
SUDURPASHCHIM, KANCHANPUR       , Barley   , 133.0  , 232.0        , 1.74      , 2078/79, 2021/22
SUDURPASHCHIM, KANCHANPUR       , Buckwheat, N/A    , N/A          , N/A       , 2078/79, 2021/22
