Province,District,Crop,Area_Ha,Production_Mt,Yield_MtHa,Year_BS,Year_AD
KOSHI,TAPLEJUNG,Maize,9598,26874,2.8,2076/77,2019/20
KOSHI,TAPLEJUNG,Wheat,1535,3546,2.31,2076/77,2019/20
KOSHI,SANKHUWASABHA,Maize,12858,28147,2.19,2076/77,2019/20
KOSHI,SANKHUWASABHA,Wheat,715,1681,2.35,2076/77,2019/20
KOSHI,SOLUKHUMBU,Maize,14050,35309,2.51,2076/77,2019/20
KOSHI,SOLUKHUMBU,Wheat,2669,5603,2.1,2076/77,2019/20
KOSHI,PANCHTHAR,Maize,18983,41103,2.17,2076/77,2019/20
KOSHI,PANCHTHAR,Wheat,3904,8433,2.16,2076/77,2019/20
KOSHI,ILLAM,Maize,33815,126458,3.74,2076/77,2019/20
KOSHI,ILLAM,Wheat,4608,13822,3.0,2076/77,2019/20
KOSHI,TERHATHUM,Maize,12117,32615,2.69,2076/77,2019/20
KOSHI,TERHATHUM,Wheat,2400,5064,2.11,2076/77,2019/20
KOSHI,DHANKUTA,Maize,14004,45647,3.26,2076/77,2019/20
KOSHI,DHANKUTA,Wheat,1302,2930,2.25,2076/77,2019/20
KOSHI,BHOJPUR,Maize,36121,99213,2.75,2076/77,2019/20
KOSHI,BHOJPUR,Wheat,400,820,2.05,2076/77,2019/20
KOSHI,KHOTANG,Maize,42945,98986,2.3,2076/77,2019/20
KOSHI,KHOTANG,Wheat,5030,11569,2.3,2076/77,2019/20
KOSHI,OKHALDHUNGA,Maize,12400,35844,2.89,2076/77,2019/20
KOSHI,OKHALDHUNGA,Wheat,2145,4569,2.13,2076/77,2019/20
KOSHI,UDAYAPUR,Maize,17907,42350,2.37,2076/77,2019/20
KOSHI,UDAYAPUR,Wheat,5130,14108,2.75,2076/77,2019/20
KOSHI,JHAPA,Maize,39302,158985,4.05,2076/77,2019/20
KOSHI,JHAPA,Wheat,7125,23014,3.23,2076/77,2019/20
KOSHI,MORANG,Maize,17255,68286,3.96,2076/77,2019/20
KOSHI,MORANG,Wheat,12639,39434,3.12,2076/77,2019/20
KOSHI,SUNSARI,Maize,8949,27900,3.12,2076/77,2019/20
KOSHI,SUNSARI,Wheat,12959,42117,3.25,2076/77,2019/20
MADHESH,SAPTARI,Maize,3922,12517,3.19,2076/77,2019/20
MADHESH,SAPTARI,Wheat,15314,54343,3.55,2076/77,2019/20
MADHESH,SIRAHA,Maize,3991,11993,3.01,2076/77,2019/20
MADHESH,SIRAHA,Wheat,11781,41287,3.5,2076/77,2019/20
MADHESH,DHANUSHA,Maize,3469,10989,3.17,2076/77,2019/20
MADHESH,DHANUSHA,Wheat,36374,120724,3.32,2076/77,2019/20
MADHESH,MAHOTTARI,Maize,9733,28853,2.96,2076/77,2019/20
MADHESH,MAHOTTARI,Wheat,24373,74671,3.06,2076/77,2019/20
MADHESH,SARLAHI,Maize,11276,37620,3.34,2076/77,2019/20
MADHESH,SARLAHI,Wheat,22479,76592,3.41,2076/77,2019/20
MADHESH,RAUTAHAT,Maize,3506,12421,3.54,2076/77,2019/20
MADHESH,RAUTAHAT,Wheat,14987,55831,3.73,2076/77,2019/20
MADHESH,BARA,Maize,11915,44229,3.71,2076/77,2019/20
MADHESH,BARA,Wheat,27137,97438,3.59,2076/77,2019/20
MADHESH,PARSA,Maize,4580,17018,3.72,2076/77,2019/20
MADHESH,PARSA,Wheat,21992,80822,3.68,2076/77,2019/20
BAGMATI,DOLAKHA,Maize,5718,16684,2.92,2076/77,2019/20
BAGMATI,DOLAKHA,Wheat,4248,8454,1.99,2076/77,2019/20
BAGMATI,SINDHUPALCHOK,Maize,25168,70470,2.8,2076/77,2019/20
BAGMATI,SINDHUPALCHOK,Wheat,6908,13954,2.02,2076/77,2019/20
BAGMATI,RASUWA,Maize,2298,6088,2.65,2076/77,2019/20
BAGMATI,RASUWA,Wheat,689,1385,2.01,2076/77,2019/20
BAGMATI,RAMECHAP,Maize,21686,62121,2.86,2076/77,2019/20
BAGMATI,RAMECHAP,Wheat,3875,9106,2.35,2076/77,2019/20
BAGMATI,SINDHULI,Maize,25657,81197,3.16,2076/77,2019/20
BAGMATI,SINDHULI,Wheat,6875,19388,2.82,2076/77,2019/20
BAGMATI,KAVRE,Maize,24823,80137,3.23,2076/77,2019/20
BAGMATI,KAVRE,Wheat,8860,26591,3.0,2076/77,2019/20
BAGMATI,BHAKTAPUR,Maize,1951,8377,4.29,2076/77,2019/20
BAGMATI,BHAKTAPUR,Wheat,2094,10488,5.01,2076/77,2019/20
BAGMATI,LALITPUR,Maize,9203,34659,3.77,2076/77,2019/20
BAGMATI,LALITPUR,Wheat,2512,8671,3.45,2076/77,2019/20
BAGMATI,KATHMANDU,Maize,5532,23192,4.19,2076/77,2019/20
BAGMATI,KATHMANDU,Wheat,2075,9155,4.41,2076/77,2019/20
BAGMATI,NUWAKOT,Maize,16218,62235,3.84,2076/77,2019/20
BAGMATI,NUWAKOT,Wheat,4165,13745,3.3,2076/77,2019/20
BAGMATI,DHADING,Maize,20860,62939,3.02,2076/77,2019/20
BAGMATI,DHADING,Wheat,4560,13602,2.98,2076/77,2019/20
BAGMATI,MAKWANPUR,Maize,26169,85580,3.27,2076/77,2019/20
BAGMATI,MAKWANPUR,Wheat,3929,14532,3.7,2076/77,2019/20
BAGMATI,CHITWAN,Maize,5986,24083,4.02,2076/77,2019/20
BAGMATI,CHITWAN,Wheat,5088,19360,3.81,2076/77,2019/20
GANDAKI,MANANG,Maize,70,111,1.59,2076/77,2019/20
GANDAKI,MANANG,Wheat,202,305,1.51,2076/77,2019/20
GANDAKI,MUSTANG,Maize,565,967,1.71,2076/77,2019/20
GANDAKI,MUSTANG,Wheat,535,887,1.66,2076/77,2019/20
GANDAKI,GORKHA,Maize,17703,47656,2.69,2076/77,2019/20
GANDAKI,GORKHA,Wheat,3561,8298,2.33,2076/77,2019/20
GANDAKI,LAMJUNG,Maize,10098,26397,2.61,2076/77,2019/20
GANDAKI,LAMJUNG,Wheat,1596,3910,2.45,2076/77,2019/20
GANDAKI,TANAHU,Maize,22835,73594,3.22,2076/77,2019/20
GANDAKI,TANAHU,Wheat,1643,4119,2.51,2076/77,2019/20
GANDAKI,KASKI,Maize,14111,37149,2.63,2076/77,2019/20
GANDAKI,KASKI,Wheat,5650,13061,2.31,2076/77,2019/20
GANDAKI,PARBAT,Maize,13958,34843,2.5,2076/77,2019/20
GANDAKI,PARBAT,Wheat,2656,6772,2.55,2076/77,2019/20
GANDAKI,SYANGJA,Maize,26275,96452,3.67,2076/77,2019/20
GANDAKI,SYANGJA,Wheat,5098,14509,2.85,2076/77,2019/20
GANDAKI,MYAGDI,Maize,9180,31149,3.39,2076/77,2019/20
GANDAKI,MYAGDI,Wheat,2812,7116,2.53,2076/77,2019/20
GANDAKI,BAGLUNG,Maize,20420,72351,3.54,2076/77,2019/20
GANDAKI,BAGLUNG,Wheat,6384,16638,2.61,2076/77,2019/20
GANDAKI,NAWALPARASIEAST,Maize,4207,12892,3.06,2076/77,2019/20
GANDAKI,NAWALPARASIEAST,Wheat,8056,23785,2.95,2076/77,2019/20
LUMBINI,PALPA,Maize,21185,55766,2.63,2076/77,2019/20
LUMBINI,PALPA,Wheat,5744,15673,2.73,2076/77,2019/20
LUMBINI,GULMI,Maize,24451,63269,2.59,2076/77,2019/20
LUMBINI,GULMI,Wheat,6617,19586,2.96,2076/77,2019/20
LUMBINI,ARGHAKHANCHI,Maize,16041,51063,3.18,2076/77,2019/20
LUMBINI,ARGHAKHANCHI,Wheat,5451,16025,2.94,2076/77,2019/20
LUMBINI,NAWALPARASIWEST,Maize,4968,15345,3.09,2076/77,2019/20
LUMBINI,NAWALPARASIWEST,Wheat,8616,24985,2.9,2076/77,2019/20
LUMBINI,RUPANDEHI,Maize,2639,10359,3.93,2076/77,2019/20
LUMBINI,RUPANDEHI,Wheat,26819,95497,3.56,2076/77,2019/20
LUMBINI,KAPILBASTU,Maize,2651,9938,3.75,2076/77,2019/20
LUMBINI,KAPILBASTU,Wheat,26118,103167,3.95,2076/77,2019/20
LUMBINI,DANG,Maize,26250,75081,2.86,2076/77,2019/20
LUMBINI,DANG,Wheat,11783,32993,2.8,2076/77,2019/20
LUMBINI,BANKE,Maize,9336,25913,2.78,2076/77,2019/20
LUMBINI,BANKE,Wheat,17840,68428,3.84,2076/77,2019/20
LUMBINI,BARDIYA,Maize,2758,8112,2.94,2076/77,2019/20
LUMBINI,BARDIYA,Wheat,17711,69043,3.9,2076/77,2019/20
LUMBINI,RUKUMEAST,Maize,8154,21148,2.59,2076/77,2019/20
LUMBINI,RUKUMEAST,Wheat,5173,14485,2.8,2076/77,2019/20
LUMBINI,PYUTHAN,Maize,11306,27986,2.48,2076/77,2019/20
LUMBINI,PYUTHAN,Wheat,7951,23693,2.98,2076/77,2019/20
LUMBINI,ROLPA,Maize,13438,34482,2.57,2076/77,2019/20
LUMBINI,ROLPA,Wheat,8407,24884,2.96,2076/77,2019/20
KARNALI,DOLPA,Maize,2354,3729,1.58,2076/77,2019/20
KARNALI,DOLPA,Wheat,2779,5114,1.84,2076/77,2019/20
KARNALI,MUGU,Maize,589,941,1.6,2076/77,2019/20
KARNALI,MUGU,Wheat,3201,3986,1.25,2076/77,2019/20
KARNALI,HUMLA,Maize,146,266,1.82,2076/77,2019/20
KARNALI,HUMLA,Wheat,941,1362,1.45,2076/77,2019/20
KARNALI,JUMLA,Maize,4404,6858,1.56,2076/77,2019/20
KARNALI,JUMLA,Wheat,2271,5396,2.38,2076/77,2019/20
KARNALI,KALIKOT,Maize,3030,6973,2.3,2076/77,2019/20
KARNALI,KALIKOT,Wheat,4953,6797,1.37,2076/77,2019/20
KARNALI,RUKUMWEST,Maize,10591,21452,2.03,2076/77,2019/20
KARNALI,RUKUMWEST,Wheat,5673,15772,2.78,2076/77,2019/20
KARNALI,SALYAN,Maize,20005,49386,2.47,2076/77,2019/20
KARNALI,SALYAN,Wheat,13992,43375,3.1,2076/77,2019/20
KARNALI,JAJARKOT,Maize,14047,37262,2.65,2076/77,2019/20
KARNALI,JAJARKOT,Wheat,13774,29201,2.12,2076/77,2019/20
KARNALI,DAILEKH,Maize,21512,54527,2.53,2076/77,2019/20
KARNALI,DAILEKH,Wheat,17497,42868,2.45,2076/77,2019/20
KARNALI,SURKHET,Maize,15011,43844,2.92,2076/77,2019/20
KARNALI,SURKHET,Wheat,13941,42425,3.04,2076/77,2019/20
SUDURPASHCHIM,BAJURA,Maize,914,1460,1.6,2076/77,2019/20
SUDURPASHCHIM,BAJURA,Wheat,6660,9324,1.4,2076/77,2019/20
SUDURPASHCHIM,BAJHANG,Maize,4186,5859,1.4,2076/77,2019/20
SUDURPASHCHIM,BAJHANG,Wheat,10187,15571,1.53,2076/77,2019/20
SUDURPASHCHIM,DARCHULA,Maize,5799,13423,2.31,2076/77,2019/20
SUDURPASHCHIM,DARCHULA,Wheat,6580,14213,2.16,2076/77,2019/20
SUDURPASHCHIM,ACHHAM,Maize,6540,17697,2.71,2076/77,2019/20
SUDURPASHCHIM,ACHHAM,Wheat,14419,30714,2.13,2076/77,2019/20
SUDURPASHCHIM,DOTI,Maize,3474,8712,2.51,2076/77,2019/20
SUDURPASHCHIM,DOTI,Wheat,12328,27482,2.23,2076/77,2019/20
SUDURPASHCHIM,BAITADI,Maize,14999,29005,1.93,2076/77,2019/20
SUDURPASHCHIM,BAITADI,Wheat,19497,41334,2.12,2076/77,2019/20
SUDURPASHCHIM,DADELDHURA,Maize,3811,13491,3.54,2076/77,2019/20
SUDURPASHCHIM,DADELDHURA,Wheat,9009,22073,2.45,2076/77,2019/20
SUDURPASHCHIM,KAILALI,Maize,6405,18691,2.92,2076/77,2019/20
SUDURPASHCHIM,KAILALI,Wheat,35950,140545,3.91,2076/77,2019/20
SUDURPASHCHIM,KANCHANPUR,Maize,3271,8959,2.74,2076/77,2019/20
SUDURPASHCHIM,KANCHANPUR,Wheat,34554,133032,3.85,2076/77,2019/20
KOSHI,TAPLEJUNG,Millet,3008,4181,1.39,2076/77,2019/20
KOSHI,TAPLEJUNG,Barley,270,402,1.49,2076/77,2019/20
KOSHI,TAPLEJUNG,Buckwheat,103,140,1.36,2076/77,2019/20
KOSHI,SANKHUWASABHA,Millet,6361,8029,1.26,2076/77,2019/20
KOSHI,SANKHUWASABHA,Barley,13,17,1.31,2076/77,2019/20
KOSHI,SANKHUWASABHA,Buckwheat,18,18,1.01,2076/77,2019/20
KOSHI,SOLUKHUMBU,Millet,1827,2460,1.35,2076/77,2019/20
KOSHI,SOLUKHUMBU,Barley,165,193,1.17,2076/77,2019/20
KOSHI,SOLUKHUMBU,Buckwheat,297,288,0.97,2076/77,2019/20
KOSHI,PANCHTHAR,Millet,4550,8432,1.85,2076/77,2019/20
KOSHI,PANCHTHAR,Barley,305,446,1.46,2076/77,2019/20
KOSHI,PANCHTHAR,Buckwheat,62,49,0.79,2076/77,2019/20
KOSHI,ILLAM,Millet,1782,2406,1.35,2076/77,2019/20
KOSHI,ILLAM,Barley,52,64,1.24,2076/77,2019/20
KOSHI,ILLAM,Buckwheat,28,33,1.18,2076/77,2019/20
KOSHI,TERHATHUM,Millet,2603,3269,1.26,2076/77,2019/20
KOSHI,TERHATHUM,Barley,64,85,1.33,2076/77,2019/20
KOSHI,TERHATHUM,Buckwheat,23,22,0.94,2076/77,2019/20
KOSHI,DHANKUTA,Millet,7530,9421,1.25,2076/77,2019/20
KOSHI,DHANKUTA,Barley,N/A,N/A,N/A,2076/77,2019/20
KOSHI,DHANKUTA,Buckwheat,7,7,0.92,2076/77,2019/20
KOSHI,BHOJPUR,Millet,5429,6980,1.29,2076/77,2019/20
KOSHI,BHOJPUR,Barley,12,17,1.43,2076/77,2019/20
KOSHI,BHOJPUR,Buckwheat,35,32,0.89,2076/77,2019/20
KOSHI,KHOTANG,Millet,23535,26496,1.13,2076/77,2019/20
KOSHI,KHOTANG,Barley,350,529,1.51,2076/77,2019/20
KOSHI,KHOTANG,Buckwheat,580,537,0.93,2076/77,2019/20
KOSHI,OKHALDHUNGA,Millet,7585,14361,1.89,2076/77,2019/20
KOSHI,OKHALDHUNGA,Barley,80,106,1.32,2076/77,2019/20
KOSHI,OKHALDHUNGA,Buckwheat,91,90,0.99,2076/77,2019/20
KOSHI,UDAYAPUR,Millet,2963,5589,1.89,2076/77,2019/20
KOSHI,UDAYAPUR,Barley,25,39,1.54,2076/77,2019/20
KOSHI,UDAYAPUR,Buckwheat,16,17,1.06,2076/77,2019/20
KOSHI,JHAPA,Millet,1153,1495,1.3,2076/77,2019/20
KOSHI,JHAPA,Barley,5,9,1.87,2076/77,2019/20
KOSHI,JHAPA,Buckwheat,1110,1353,1.22,2076/77,2019/20
KOSHI,MORANG,Millet,1218,1507,1.24,2076/77,2019/20
KOSHI,MORANG,Barley,N/A,N/A,N/A,2076/77,2019/20
KOSHI,MORANG,Buckwheat,62,69,1.12,2076/77,2019/20
KOSHI,SUNSARI,Millet,499,575,1.15,2076/77,2019/20
KOSHI,SUNSARI,Barley,11,24,2.25,2076/77,2019/20
KOSHI,SUNSARI,Buckwheat,291,306,1.05,2076/77,2019/20
MADHESH,SAPTARI,Millet,181,227,1.25,2076/77,2019/20
MADHESH,SAPTARI,Barley,N/A,N/A,N/A,2076/77,2019/20
MADHESH,SAPTARI,Buckwheat,N/A,N/A,N/A,2076/77,2019/20
MADHESH,SIRAHA,Millet,435,450,1.03,2076/77,2019/20
MADHESH,SIRAHA,Barley,N/A,N/A,N/A,2076/77,2019/20
MADHESH,SIRAHA,Buckwheat,N/A,N/A,N/A,2076/77,2019/20
MADHESH,DHANUSHA,Millet,174,177,1.01,2076/77,2019/20
MADHESH,DHANUSHA,Barley,2,2,1.5,2076/77,2019/20
MADHESH,DHANUSHA,Buckwheat,N/A,N/A,N/A,2076/77,2019/20
MADHESH,MAHOTTARI,Millet,N/A,N/A,N/A,2076/77,2019/20
MADHESH,MAHOTTARI,Barley,8,9,1.18,2076/77,2019/20
MADHESH,MAHOTTARI,Buckwheat,N/A,N/A,N/A,2076/77,2019/20
MADHESH,SARLAHI,Millet,702,627,0.89,2076/77,2019/20
MADHESH,SARLAHI,Barley,62,71,1.14,2076/77,2019/20
MADHESH,SARLAHI,Buckwheat,N/A,N/A,N/A,2076/77,2019/20
MADHESH,RAUTAHAT,Millet,70,73,1.04,2076/77,2019/20
MADHESH,RAUTAHAT,Barley,3,5,1.57,2076/77,2019/20
MADHESH,RAUTAHAT,Buckwheat,N/A,N/A,N/A,2076/77,2019/20
MADHESH,BARA,Millet,75,87,1.15,2076/77,2019/20
MADHESH,BARA,Barley,38,85,2.23,2076/77,2019/20
MADHESH,BARA,Buckwheat,N/A,N/A,N/A,2076/77,2019/20
MADHESH,PARSA,Millet,N/A,N/A,N/A,2076/77,2019/20
MADHESH,PARSA,Barley,29,42,1.46,2076/77,2019/20
MADHESH,PARSA,Buckwheat,N/A,N/A,N/A,2076/77,2019/20
BAGMATI,DOLAKHA,Millet,3635,5133,1.41,2076/77,2019/20
BAGMATI,DOLAKHA,Barley,146,175,1.2,2076/77,2019/20
BAGMATI,DOLAKHA,Buckwheat,901,1097,1.22,2076/77,2019/20
BAGMATI,SINDHUPALCHOK,Millet,16952,22079,1.3,2076/77,2019/20
BAGMATI,SINDHUPALCHOK,Barley,172,205,1.19,2076/77,2019/20
BAGMATI,SINDHUPALCHOK,Buckwheat,N/A,N/A,N/A,2076/77,2019/20
BAGMATI,RASUWA,Millet,828,814,0.98,2076/77,2019/20
BAGMATI,RASUWA,Barley,253,336,1.33,2076/77,2019/20
BAGMATI,RASUWA,Buckwheat,N/A,N/A,N/A,2076/77,2019/20
BAGMATI,RAMECHAP,Millet,4831,5399,1.12,2076/77,2019/20
BAGMATI,RAMECHAP,Barley,63,85,1.35,2076/77,2019/20
BAGMATI,RAMECHAP,Buckwheat,16,17,1.03,2076/77,2019/20
BAGMATI,SINDHULI,Millet,11934,12163,1.02,2076/77,2019/20
BAGMATI,SINDHULI,Barley,41,65,1.59,2076/77,2019/20
BAGMATI,SINDHULI,Buckwheat,505,486,0.96,2076/77,2019/20
BAGMATI,KAVRE,Millet,3444,3490,1.01,2076/77,2019/20
BAGMATI,KAVRE,Barley,367,599,1.63,2076/77,2019/20
BAGMATI,KAVRE,Buckwheat,563,581,1.03,2076/77,2019/20
BAGMATI,BHAKTAPUR,Millet,115,155,1.35,2076/77,2019/20
BAGMATI,BHAKTAPUR,Barley,17,35,2.06,2076/77,2019/20
BAGMATI,BHAKTAPUR,Buckwheat,N/A,N/A,N/A,2076/77,2019/20
BAGMATI,LALITPUR,Millet,572,646,1.13,2076/77,2019/20
BAGMATI,LALITPUR,Barley,38,55,1.45,2076/77,2019/20
BAGMATI,LALITPUR,Buckwheat,46,47,1.02,2076/77,2019/20
BAGMATI,KATHMANDU,Millet,613,742,1.21,2076/77,2019/20
BAGMATI,KATHMANDU,Barley,3,4,1.51,2076/77,2019/20
BAGMATI,KATHMANDU,Buckwheat,4,5,1.03,2076/77,2019/20
BAGMATI,NUWAKOT,Millet,5245,6926,1.32,2076/77,2019/20
BAGMATI,NUWAKOT,Barley,152,198,1.3,2076/77,2019/20
BAGMATI,NUWAKOT,Buckwheat,178,187,1.05,2076/77,2019/20
BAGMATI,DHADING,Millet,6940,7175,1.03,2076/77,2019/20
BAGMATI,DHADING,Barley,252,350,1.39,2076/77,2019/20
BAGMATI,DHADING,Buckwheat,N/A,N/A,N/A,2076/77,2019/20
BAGMATI,MAKWANPUR,Millet,2773,3308,1.19,2076/77,2019/20
BAGMATI,MAKWANPUR,Barley,250,348,1.39,2076/77,2019/20
BAGMATI,MAKWANPUR,Buckwheat,185,202,1.09,2076/77,2019/20
BAGMATI,CHITWAN,Millet,1473,1645,1.12,2076/77,2019/20
BAGMATI,CHITWAN,Barley,18,34,1.87,2076/77,2019/20
BAGMATI,CHITWAN,Buckwheat,70,77,1.1,2076/77,2019/20
GANDAKI,MANANG,Millet,N/A,N/A,N/A,2076/77,2019/20
GANDAKI,MANANG,Barley,109,189,1.73,2076/77,2019/20
GANDAKI,MANANG,Buckwheat,262,491,1.88,2076/77,2019/20
GANDAKI,MUSTANG,Millet,N/A,N/A,N/A,2076/77,2019/20
GANDAKI,MUSTANG,Barley,254,471,1.85,2076/77,2019/20
GANDAKI,MUSTANG,Buckwheat,541,953,1.76,2076/77,2019/20
GANDAKI,GORKHA,Millet,11816,15654,1.32,2076/77,2019/20
GANDAKI,GORKHA,Barley,100,141,1.41,2076/77,2019/20
GANDAKI,GORKHA,Buckwheat,359,380,1.06,2076/77,2019/20
GANDAKI,LAMJUNG,Millet,7708,8331,1.08,2076/77,2019/20
GANDAKI,LAMJUNG,Barley,39,57,1.46,2076/77,2019/20
GANDAKI,LAMJUNG,Buckwheat,16,15,0.94,2076/77,2019/20
GANDAKI,TANAHU,Millet,6656,6587,0.99,2076/77,2019/20
GANDAKI,TANAHU,Barley,6,6,1.03,2076/77,2019/20
GANDAKI,TANAHU,Buckwheat,176,176,1.0,2076/77,2019/20
GANDAKI,KASKI,Millet,15434,20706,1.34,2076/77,2019/20
GANDAKI,KASKI,Barley,109,175,1.61,2076/77,2019/20
GANDAKI,KASKI,Buckwheat,12,14,1.19,2076/77,2019/20
GANDAKI,PARBAT,Millet,8499,8417,0.99,2076/77,2019/20
GANDAKI,PARBAT,Barley,81,105,1.3,2076/77,2019/20
GANDAKI,PARBAT,Buckwheat,50,51,1.01,2076/77,2019/20
GANDAKI,SYANGJA,Millet,15926,20004,1.26,2076/77,2019/20
GANDAKI,SYANGJA,Barley,4,6,1.65,2076/77,2019/20
GANDAKI,SYANGJA,Buckwheat,221,220,1.0,2076/77,2019/20
GANDAKI,MYAGDI,Millet,2530,3296,1.3,2076/77,2019/20
GANDAKI,MYAGDI,Barley,279,372,1.33,2076/77,2019/20
GANDAKI,MYAGDI,Buckwheat,144,142,0.99,2076/77,2019/20
GANDAKI,BAGLUNG,Millet,18255,22856,1.25,2076/77,2019/20
GANDAKI,BAGLUNG,Barley,774,1137,1.47,2076/77,2019/20
GANDAKI,BAGLUNG,Buckwheat,79,112,1.42,2076/77,2019/20
GANDAKI,NAWALPARASIEAST,Millet,256,287,1.12,2076/77,2019/20
GANDAKI,NAWALPARASIEAST,Barley,8,10,1.25,2076/77,2019/20
GANDAKI,NAWALPARASIEAST,Buckwheat,80,79,0.99,2076/77,2019/20
LUMBINI,PALPA,Millet,2655,3109,1.17,2076/77,2019/20
LUMBINI,PALPA,Barley,19,35,1.83,2076/77,2019/20
LUMBINI,PALPA,Buckwheat,410,407,0.99,2076/77,2019/20
LUMBINI,GULMI,Millet,2896,3261,1.13,2076/77,2019/20
LUMBINI,GULMI,Barley,243,424,1.75,2076/77,2019/20
LUMBINI,GULMI,Buckwheat,203,245,1.21,2076/77,2019/20
LUMBINI,ARGHAKHANCHI,Millet,505,568,1.12,2076/77,2019/20
LUMBINI,ARGHAKHANCHI,Barley,200,386,1.93,2076/77,2019/20
LUMBINI,ARGHAKHANCHI,Buckwheat,236,216,0.92,2076/77,2019/20
LUMBINI,NAWALPARASIWEST,Millet,226,234,1.04,2076/77,2019/20
LUMBINI,NAWALPARASIWEST,Barley,5,6,1.23,2076/77,2019/20
LUMBINI,NAWALPARASIWEST,Buckwheat,76,75,0.99,2076/77,2019/20
LUMBINI,RUPANDEHI,Millet,46,52,1.13,2076/77,2019/20
LUMBINI,RUPANDEHI,Barley,74,188,2.54,2076/77,2019/20
LUMBINI,RUPANDEHI,Buckwheat,N/A,N/A,N/A,2076/77,2019/20
LUMBINI,KAPILBASTU,Millet,N/A,N/A,N/A,2076/77,2019/20
LUMBINI,KAPILBASTU,Barley,177,330,1.87,2076/77,2019/20
LUMBINI,KAPILBASTU,Buckwheat,N/A,N/A,N/A,2076/77,2019/20
LUMBINI,DANG,Millet,14,15,1.06,2076/77,2019/20
LUMBINI,DANG,Barley,23,28,1.23,2076/77,2019/20
LUMBINI,DANG,Buckwheat,17,17,1.0,2076/77,2019/20
LUMBINI,BANKE,Millet,N/A,N/A,N/A,2076/77,2019/20
LUMBINI,BANKE,Barley,8,11,1.38,2076/77,2019/20
LUMBINI,BANKE,Buckwheat,N/A,N/A,N/A,2076/77,2019/20
LUMBINI,BARDIYA,Millet,N/A,N/A,N/A,2076/77,2019/20
LUMBINI,BARDIYA,Barley,8,12,1.5,2076/77,2019/20
LUMBINI,BARDIYA,Buckwheat,N/A,N/A,N/A,2076/77,2019/20
LUMBINI,RUKUMEAST,Millet,468,597,1.27,2076/77,2019/20
LUMBINI,RUKUMEAST,Barley,413,528,1.28,2076/77,2019/20
LUMBINI,RUKUMEAST,Buckwheat,N/A,N/A,N/A,2076/77,2019/20
LUMBINI,PYUTHAN,Millet,2182,2672,1.22,2076/77,2019/20
LUMBINI,PYUTHAN,Barley,468,764,1.63,2076/77,2019/20
LUMBINI,PYUTHAN,Buckwheat,11,11,1.02,2076/77,2019/20
LUMBINI,ROLPA,Millet,1113,1276,1.15,2076/77,2019/20
LUMBINI,ROLPA,Barley,556,661,1.19,2076/77,2019/20
LUMBINI,ROLPA,Buckwheat,108,98,0.91,2076/77,2019/20
KARNALI,DOLPA,Millet,277,305,1.10,2076/77,2019/20
KARNALI,DOLPA,Barley,354,355,1.00,2076/77,2019/20
KARNALI,DOLPA,Buckwheat,646,679,1.05,2076/77,2019/20
KARNALI,MUGU,Millet,4218,4126,0.98,2076/77,2019/20
KARNALI,MUGU,Barley,1034,1158,1.12,2076/77,2019/20
KARNALI,MUGU,Buckwheat,456,433,0.95,2076/77,2019/20
KARNALI,HUMLA,Millet,1294,1383,1.07,2076/77,2019/20
KARNALI,HUMLA,Barley,622,812,1.3,2076/77,2019/20
KARNALI,HUMLA,Buckwheat,636,773,1.22,2076/77,2019/20
KARNALI,JUMLA,Millet,3696,3924,1.06,2076/77,2019/20
KARNALI,JUMLA,Barley,3405,5819,1.71,2076/77,2019/20
KARNALI,JUMLA,Buckwheat,79,83,1.04,2076/77,2019/20
KARNALI,KALIKOT,Millet,1227,1399,1.09,2076/77,2019/20
KARNALI,KALIKOT,Barley,821,1298,1.58,2076/77,2019/20
KARNALI,KALIKOT,Buckwheat,112,128,1.14,2076/77,2019/20
KARNALI,RUKUMWEST,Millet,461,623,1.35,2076/77,2019/20
KARNALI,RUKUMWEST,Barley,41,518,1.25,2076/77,2019/20
KARNALI,RUKUMWEST,Buckwheat,N/A,N/A,N/A,2076/77,2019/20
KARNALI,SALYAN,Millet,1020,1194,1.17,2076/77,2019/20
KARNALI,SALYAN,Barley,950,1276,1.34,2076/77,2019/20
KARNALI,SALYAN,Buckwheat,60,71,1.19,2076/77,2019/20
KARNALI,JAJARKOT,Millet,1813,1855,1.02,2076/77,2019/20
KARNALI,JAJARKOT,Barley,616,699,1.14,2076/77,2019/20
KARNALI,JAJARKOT,Buckwheat,28,27,0.94,2076/77,2019/20
KARNALI,DAILEKH,Millet,2538,2698,1.06,2076/77,2019/20
KARNALI,DAILEKH,Barley,181,236,1.3,2076/77,2019/20
KARNALI,DAILEKH,Buckwheat,26,26,1.0,2076/77,2019/20
KARNALI,SURKHET,Millet,2215,2957,1.34,2076/77,2019/20
KARNALI,SURKHET,Barley,931,1424,1.53,2076/77,2019/20
KARNALI,SURKHET,Buckwheat,N/A,N/A,N/A,2076/77,2019/20
SUDURPASHCHIM,BAJURA,Millet,2494,2531,1.02,2076/77,2019/20
SUDURPASHCHIM,BAJURA,Barley,976,990,1.01,2076/77,2019/20
SUDURPASHCHIM,BAJURA,Buckwheat,7,11,1.54,2076/77,2019/20
SUDURPASHCHIM,BAJHANG,Millet,2735,2187,0.8,2076/77,2019/20
SUDURPASHCHIM,BAJHANG,Barley,3941,3097,0.79,2076/77,2019/20
SUDURPASHCHIM,BAJHANG,Buckwheat,6,7,1.19,2076/77,2019/20
SUDURPASHCHIM,DARCHULA,Millet,1254,1169,0.93,2076/77,2019/20
SUDURPASHCHIM,DARCHULA,Barley,1060,884,0.83,2076/77,2019/20
SUDURPASHCHIM,DARCHULA,Buckwheat,88,91,1.03,2076/77,2019/20
SUDURPASHCHIM,ACHHAM,Millet,3538,3649,1.03,2076/77,2019/20
SUDURPASHCHIM,ACHHAM,Barley,445,564,1.27,2076/77,2019/20
SUDURPASHCHIM,ACHHAM,Buckwheat,N/A,N/A,N/A,2076/77,2019/20
SUDURPASHCHIM,DOTI,Millet,4575,5440,1.19,2076/77,2019/20
SUDURPASHCHIM,DOTI,Barley,191,189,0.99,2076/77,2019/20
SUDURPASHCHIM,DOTI,Buckwheat,12,11,0.96,2076/77,2019/20
SUDURPASHCHIM,BAITADI,Millet,350,399,1.14,2076/77,2019/20
SUDURPASHCHIM,BAITADI,Barley,885,620,0.70,2076/77,2019/20
SUDURPASHCHIM,BAITADI,Buckwheat,N/A,N/A,N/A,2076/77,2019/20
SUDURPASHCHIM,DADELDHURA,Millet,269,338,1.26,2076/77,2019/20
SUDURPASHCHIM,DADELDHURA,Barley,174,240,1.37,2076/77,2019/20
SUDURPASHCHIM,DADELDHURA,Buckwheat,N/A,N/A,N/A,2076/77,2019/20
SUDURPASHCHIM,KAILALI,Millet,352,398,1.13,2076/77,2019/20
SUDURPASHCHIM,KAILALI,Barley,176,370,2.1,2076/77,2019/20
SUDURPASHCHIM,KAILALI,Buckwheat,22,27,1.22,2076/77,2019/20
SUDURPASHCHIM,KANCHANPUR,Millet,N/A,N/A,N/A,2076/77,2019/20
SUDURPASHCHIM,KANCHANPUR,Barley,8,12,1.5,2076/77,2019/20
SUDURPASHCHIM,KANCHANPUR,Buckwheat,N/A,N/A,N/A,2076/77,2019/20